pattern,quality,pattern_accuracy,support,class_balance,p_value,corrected_p,is_sig,global_accuracy
"[{'E_1_0'}, {'W_1_0'}, {'W_1_0'}, {'STAY_0_0'}, {'STAY_0_0'}, {'W_1_0'}]",1.1379735005339504,0.7196969696969697,132,"{0.0: 67, 1.0: 65}",0.000999000999000999,0.0011923560310657085,True,0.9688331432915241
"[{'N_0_1'}, {'N_0_1'}, {'N_0_1'}, {'N_0_1'}, {'S_0_1'}, {'E_1_0'}, {'W_1_0'}]",0.43815368621423445,0.8266666666666667,150,"{0.0: 32, 1.0: 118}",0.000999000999000999,0.0011923560310657085,True,0.9688331432915241
"[{'NE_1_1'}, {'S_0_1'}, {'S_0_1'}, {'S_0_1'}, {'STAY_0_0'}, {'NE_1_1'}]",0.4116720420476,0.8583690987124464,233,"{0.0: 96, 1.0: 137}",0.000999000999000999,0.0011923560310657085,True,0.9688331432915241
"[{'NE_1_1'}, {'E_1_0'}, {'NE_1_1'}, {'W_1_0'}, {'SW_1_1'}, {'STAY_0_0'}, {'E_1_0'}]",0.33412864726998337,0.8616071428571429,224,"{0.0: 163, 1.0: 61}",0.000999000999000999,0.0011923560310657085,True,0.9688331432915241
"[{'NE_1_1'}, {'E_1_0'}, {'N_0_1'}, {'NE_1_1'}, {'S_0_1'}]",0.32381915834729946,0.9107883817427386,482,"{1.0: 396, 0.0: 86}",0.000999000999000999,0.0011923560310657085,True,0.9688331432915241
"[{'E_1_0'}, {'E_1_0'}, {'E_1_0'}, {'N_0_1'}, {'E_1_0'}, {'E_1_0'}, {'W_1_0'}, {'W_1_0'}, {'W_1_0'}, {'STAY_0_0'}, {'W_1_0'}, {'W_1_0'}]",0.21284501051811577,0.8287671232876712,146,"{0.0: 55, 1.0: 91}",0.000999000999000999,0.0011923560310657085,True,0.9688331432915241
"[{'N_0_1'}, {'NE_1_1'}, {'NE_1_1'}, {'E_1_0'}, {'E_1_0'}, {'S_0_1'}, {'E_1_0'}, {'SW_1_1'}]",0.18289087709152052,0.8768115942028986,138,"{0.0: 80, 1.0: 58}",0.000999000999000999,0.0011923560310657085,True,0.9688331432915241
"[{'NE_1_1'}, {'E_1_0'}, {'E_1_0'}, {'E_1_0'}, {'N_0_1'}, {'NW_1_1'}, {'N_0_1'}, {'N_0_1'}, {'N_0_1'}, {'W_1_0'}]",0.14398965233982608,0.8558558558558559,111,"{1.0: 97, 0.0: 14}",0.000999000999000999,0.0011923560310657085,True,0.9688331432915241
"[{'S_0_1'}, {'W_1_0'}, {'W_1_0'}, {'W_1_0'}, {'SW_1_1'}, {'STAY_0_0'}, {'E_1_0'}, {'N_0_1'}, {'N_0_1'}]",0.1415081037192103,0.8915254237288136,295,"{1.0: 233, 0.0: 62}",0.000999000999000999,0.0011923560310657085,True,0.9688331432915241
"[{'NE_1_1'}, {'N_0_1'}, {'E_1_0'}, {'N_0_1'}, {'N_0_1'}, {'N_0_1'}, {'N_0_1'}, {'E_1_0'}, {'NW_1_1'}]",0.08023581897103049,0.8968253968253969,126,"{1.0: 115, 0.0: 11}",0.000999000999000999,0.0011923560310657085,True,0.9688331432915241
"[{'E_1_0'}, {'E_1_0'}, {'SE_1_1'}, {'S_0_1'}, {'S_0_1'}, {'STAY_0_0'}, {'E_1_0'}, {'E_1_0'}, {'E_1_0'}, {'NE_1_1'}]",0.0604964996370736,0.883495145631068,103,"{1.0: 78, 0.0: 25}",0.000999000999000999,0.0011923560310657085,True,0.9688331432915241
"[{'E_1_0'}, {'SE_1_1'}, {'SE_1_1'}, {'W_1_0'}, {'SW_1_1'}, {'W_1_0'}, {'W_1_0'}, {'W_1_0'}, {'STAY_0_0'}, {'E_1_0'}, {'E_1_0'}]",0.055476020370766044,0.87,100,"{1.0: 40, 0.0: 60}",0.000999000999000999,0.0011923560310657085,True,0.9688331432915241
"[{'NE_1_1'}, {'N_0_1'}, {'N_0_1'}, {'N_0_1'}, {'N_0_1'}, {'N_0_1'}, {'STAY_0_0'}, {'W_1_0'}, {'W_1_0'}, {'SW_1_1'}]",0.03860133415679701,0.8985507246376812,138,"{0.0: 13, 1.0: 125}",0.000999000999000999,0.0011923560310657085,True,0.9688331432915241
"[{'E_1_0'}, {'E_1_0'}, {'E_1_0'}, {'E_1_0'}, {'SE_1_1'}, {'S_0_1'}, {'W_1_0'}, {'STAY_0_0'}, {'N_0_1'}, {'N_0_1'}, {'N_0_1'}, {'N_0_1'}, {'N_0_1'}]",0.03256473477474908,0.8584070796460177,113,"{1.0: 94, 0.0: 19}",0.000999000999000999,0.0011923560310657085,True,0.9688331432915241
"[{'E_1_0'}, {'E_1_0'}, {'N_0_1'}, {'N_0_1'}, {'N_0_1'}, {'N_0_1'}, {'E_1_0'}, {'STAY_0_0'}, {'E_1_0'}, {'E_1_0'}]",0.03018718740458448,0.8981481481481481,108,"{1.0: 97, 0.0: 11}",0.000999000999000999,0.0011923560310657085,True,0.9688331432915241
"[{'E_1_0'}, {'E_1_0'}, {'S_0_1'}, {'S_0_1'}, {'S_0_1'}, {'E_1_0'}, {'E_1_0'}, {'E_1_0'}, {'SW_1_1'}, {'STAY_0_0'}]",0.028629136491352236,0.8990825688073395,109,"{0.0: 51, 1.0: 58}",0.000999000999000999,0.0011923560310657085,True,0.9688331432915241
"[{'E_1_0'}, {'E_1_0'}, {'N_0_1'}, {'NE_1_1'}, {'NW_1_1'}, {'W_1_0'}, {'NW_1_1'}, {'W_1_0'}, {'W_1_0'}, {'W_1_0'}]",0.02722080070150401,0.9047619047619048,147,"{1.0: 135, 0.0: 12}",0.000999000999000999,0.0011923560310657085,True,0.9688331432915241
"[{'N_0_1'}, {'N_0_1'}, {'N_0_1'}, {'N_0_1'}, {'N_0_1'}, {'N_0_1'}, {'NW_1_1'}, {'N_0_1'}, {'N_0_1'}, {'E_1_0'}, {'W_1_0'}]",0.017946414229587315,0.889763779527559,127,"{0.0: 11, 1.0: 116}",0.000999000999000999,0.0011923560310657085,True,0.9688331432915241
"[{'NE_1_1'}, {'NE_1_1'}, {'NE_1_1'}, {'NE_1_1'}, {'E_1_0'}, {'W_1_0'}, {'W_1_0'}, {'SW_1_1'}, {'W_1_0'}, {'W_1_0'}]",0.008390529555227788,0.912,125,"{0.0: 42, 1.0: 83}",0.000999000999000999,0.0011923560310657085,True,0.9688331432915241
"[{'E_1_0'}, {'N_0_1'}, {'NE_1_1'}, {'N_0_1'}, {'N_0_1'}, {'W_1_0'}, {'N_0_1'}, {'N_0_1'}, {'N_0_1'}, {'E_1_0'}]",0.001709030128860256,0.9166666666666666,132,"{1.0: 122, 0.0: 10}",0.000999000999000999,0.0011923560310657085,True,0.9688331432915241
"[{'E_1_0'}, {'NE_1_1'}, {'E_1_0'}, {'NE_1_1'}, {'NE_1_1'}, {'NE_1_1'}, {'N_0_1'}, {'N_0_1'}, {'N_0_1'}, {'N_0_1'}, {'N_0_1'}]",-0.0009380568264898415,0.8942307692307693,104,"{0.0: 11, 1.0: 93}",0.000999000999000999,0.0011923560310657085,True,0.9688331432915241
"[{'E_1_0'}, {'E_1_0'}, {'E_1_0'}, {'E_1_0'}, {'E_1_0'}, {'W_1_0'}, {'W_1_0'}, {'N_0_1'}, {'N_0_1'}, {'N_0_1'}, {'E_1_0'}, {'S_0_1'}]",-0.0035493446328087597,0.8833333333333333,120,"{0.0: 16, 1.0: 104}",0.000999000999000999,0.0011923560310657085,True,0.9688331432915241
"[{'E_1_0'}, {'E_1_0'}, {'E_1_0'}, {'E_1_0'}, {'E_1_0'}, {'E_1_0'}, {'E_1_0'}, {'NW_1_1'}, {'NW_1_1'}, {'E_1_0'}, {'E_1_0'}]",-0.01838619000799091,0.9152542372881356,236,"{0.0: 30, 1.0: 206}",0.000999000999000999,0.0011923560310657085,True,0.9688331432915241
"[{'E_1_0'}, {'E_1_0'}, {'E_1_0'}, {'E_1_0'}, {'W_1_0'}, {'W_1_0'}, {'W_1_0'}, {'W_1_0'}, {'W_1_0'}, {'SW_1_1'}, {'E_1_0'}, {'SW_1_1'}]",-0.022382259228330037,0.8888888888888888,108,"{0.0: 92, 1.0: 16}",0.003996003996003996,0.004107004107004107,True,0.9688331432915241
"[{'E_1_0'}, {'E_1_0'}, {'E_1_0'}, {'E_1_0'}, {'E_1_0'}, {'NE_1_1'}, {'E_1_0'}, {'W_1_0'}, {'STAY_0_0'}, {'E_1_0'}, {'S_0_1'}]",-0.03420211594027056,0.9137931034482759,116,"{1.0: 52, 0.0: 64}",0.005994005994005994,0.005994005994005994,True,0.9688331432915241
"[{'N_0_1'}, {'E_1_0'}, {'N_0_1'}, {'E_1_0'}, {'E_1_0'}, {'E_1_0'}, {'S_0_1'}, {'W_1_0'}, {'S_0_1'}, {'S_0_1'}, {'SE_1_1'}]",-0.04208734202771125,0.9181818181818182,110,"{0.0: 30, 1.0: 80}",0.000999000999000999,0.0011923560310657085,True,0.9688331432915241
"[{'E_1_0'}, {'SE_1_1'}, {'S_0_1'}, {'S_0_1'}, {'SE_1_1'}, {'SE_1_1'}, {'S_0_1'}, {'S_0_1'}, {'S_0_1'}, {'N_0_1'}, {'N_0_1'}, {'N_0_1'}]",-0.053146028188924,0.9029126213592233,103,"{1.0: 56, 0.0: 47}",0.001998001998001998,0.00231018981018981,True,0.9688331432915241
"[{'N_0_1'}, {'E_1_0'}, {'E_1_0'}, {'SE_1_1'}, {'S_0_1'}, {'S_0_1'}, {'S_0_1'}, {'W_1_0'}, {'W_1_0'}, {'W_1_0'}, {'STAY_0_0'}, {'E_1_0'}]",-0.05404842338531801,0.9084507042253521,142,"{0.0: 92, 1.0: 50}",0.002997002997002997,0.0033602760875488147,True,0.9688331432915241
"[{'E_1_0'}, {'NE_1_1'}, {'NE_1_1'}, {'N_0_1'}, {'N_0_1'}, {'N_0_1'}, {'N_0_1'}, {'N_0_1'}, {'N_0_1'}, {'N_0_1'}, {'NE_1_1'}, {'N_0_1'}]",-0.06351680785741642,0.9099099099099099,111,"{1.0: 102, 0.0: 9}",0.000999000999000999,0.0011923560310657085,True,0.9688331432915241
"[{'E_1_0'}, {'E_1_0'}, {'SE_1_1'}, {'E_1_0'}, {'N_0_1'}, {'E_1_0'}, {'E_1_0'}, {'E_1_0'}, {'E_1_0'}, {'E_1_0'}, {'W_1_0'}, {'W_1_0'}]",-0.06743049268871637,0.9108910891089109,101,"{1.0: 89, 0.0: 12}",0.000999000999000999,0.0011923560310657085,True,0.9688331432915241
"[{'E_1_0'}, {'E_1_0'}, {'E_1_0'}, {'S_0_1'}, {'S_0_1'}, {'W_1_0'}, {'W_1_0'}, {'W_1_0'}, {'STAY_0_0'}, {'E_1_0'}, {'E_1_0'}, {'E_1_0'}, {'W_1_0'}, {'W_1_0'}]",-0.07599208497670662,0.8995633187772926,229,"{1.0: 45, 0.0: 184}",0.000999000999000999,0.0011923560310657085,True,0.9688331432915241
"[{'S_0_1'}, {'S_0_1'}, {'W_1_0'}, {'W_1_0'}, {'W_1_0'}, {'W_1_0'}, {'SW_1_1'}, {'W_1_0'}, {'W_1_0'}, {'E_1_0'}, {'E_1_0'}, {'E_1_0'}, {'NE_1_1'}]",-0.07610621402866058,0.8990825688073395,109,"{0.0: 17, 1.0: 92}",0.000999000999000999,0.0011923560310657085,True,0.9688331432915241
"[{'E_1_0'}, {'S_0_1'}, {'SW_1_1'}, {'S_0_1'}, {'W_1_0'}, {'W_1_0'}, {'W_1_0'}, {'W_1_0'}, {'W_1_0'}, {'E_1_0'}, {'N_0_1'}, {'N_0_1'}, {'N_0_1'}, {'W_1_0'}]",-0.08725245784841085,0.8939393939393939,132,"{1.0: 118, 0.0: 14}",0.000999000999000999,0.0011923560310657085,True,0.9688331432915241
"[{'E_1_0'}, {'E_1_0'}, {'E_1_0'}, {'E_1_0'}, {'E_1_0'}, {'E_1_0'}, {'STAY_0_0'}, {'NE_1_1'}, {'NE_1_1'}, {'N_0_1'}, {'N_0_1'}, {'N_0_1'}, {'W_1_0'}]",-0.08967393499570075,0.907563025210084,119,"{1.0: 108, 0.0: 11}",0.000999000999000999,0.0011923560310657085,True,0.9688331432915241
"[{'E_1_0'}, {'E_1_0'}, {'E_1_0'}, {'NE_1_1'}, {'E_1_0'}, {'E_1_0'}, {'E_1_0'}, {'W_1_0'}, {'E_1_0'}, {'E_1_0'}, {'E_1_0'}, {'W_1_0'}, {'W_1_0'}, {'W_1_0'}]",-0.10689811571299179,0.9029850746268657,134,"{1.0: 45, 0.0: 89}",0.003996003996003996,0.004107004107004107,True,0.9688331432915241
"[{'SE_1_1'}, {'S_0_1'}, {'S_0_1'}, {'S_0_1'}, {'S_0_1'}, {'S_0_1'}, {'S_0_1'}, {'S_0_1'}, {'W_1_0'}, {'S_0_1'}, {'SW_1_1'}, {'N_0_1'}, {'N_0_1'}, {'N_0_1'}]",-0.12923475452132815,0.9166666666666666,156,"{1.0: 122, 0.0: 34}",0.000999000999000999,0.0011923560310657085,True,0.9688331432915241
"[{'NE_1_1'}, {'E_1_0'}, {'E_1_0'}, {'E_1_0'}, {'E_1_0'}, {'E_1_0'}, {'E_1_0'}, {'E_1_0'}, {'S_0_1'}, {'S_0_1'}, {'S_0_1'}, {'S_0_1'}, {'W_1_0'}, {'SW_1_1'}, {'N_0_1'}]",-0.1498584353371588,0.9142857142857143,175,"{0.0: 115, 1.0: 60}",0.003996003996003996,0.004107004107004107,True,0.9688331432915241
